{
    "7480696070336": {
        "from": "u27ef222e2b13a72847700d122136e726",
        "text": "@_D€V!🎶I$$C➿ @apri ani mlm cayku",
        "createdTime": 1518704505587
    },
    "7480697180230": {
        "from": "ub94397b4988617ac6038e1db52d7a8a1",
        "text": "╔══[ Sticker Info ]\n╠ STICKER ID : 9108767\n╠ STICKER PACKAGES ID : 1224368\n╠ STICKER VERSION : 1\n╠ STICKER URL : line://shop/detail/1224368\n╚══[ Finish ]",
        "createdTime": 1518704517664
    },
    "7480696115318": {
        "from": "u65dd0bffb7514981d9661ca33ec1cd3d",
        "text": "Good Bye Wardika\nاِنّا لِلّهِ وَاِنّا اِلَيْهِ رَجِعُوْنَ .innalillahi wa inna ilaihi raaji'uun.Itu Orang Baperan Banget🤗",
        "createdTime": 1518704506037
    },
    "7480698694719": {
        "from": "u9037e736f94285f5212121b905d0c759",
        "text": "@Adi mlm jg bbg kuh",
        "createdTime": 1518704533964
    },
    "7480698782130": {
        "from": "u2cfb962f0599d5a39e98b0edf21169da",
        "text": "╔══[ Sticker Info ]\n╠ STICKER ID : 16524405\n╠ STICKER PACKAGES ID : 1433775\n╠ STICKER VERSION : 1\n╠ STICKER URL : line://shop/detail/1433775\n╚══[ Finish ]",
        "createdTime": 1518704534896
    },
    "7480699530126": {
        "from": "u12f9b836541aed3fda24ae314abb00fd",
        "text": "╔══[ Sticker Info ]\n╠ STICKER ID : 15597499\n╠ STICKER PACKAGES ID : 1403265\n╠ STICKER VERSION : 1\n╠ STICKER URL : line://shop/detail/1403265\n╚══[ Finish ]",
        "createdTime": 1518704543019
    },
    "7480697381955": {
        "from": "uf9f62c40497452d9f182f6c2358ff633",
        "text": "╔══[ Sticker Info ]\n╠ STICKER ID : 17864\n╠ STICKER PACKAGES ID : 1070\n╠ STICKER VERSION : 2\n╠ STICKER URL : line://shop/detail/1070\n╚══[ Finish ]",
        "createdTime": 1518704519707
    },
    "7480696166095": {
        "from": "ue0b00ae336031f1e931df706e11cd05a",
        "text": "╔══[ Sticker Info ]\n╠ STICKER ID : 12842257\n╠ STICKER PACKAGES ID : 1318245\n╠ STICKER VERSION : 1\n╠ STICKER URL : line://shop/detail/1318245\n╚══[ Finish ]",
        "createdTime": 1518704506598
    },
    "7480698661659": {
        "from": "ucc7a93d29f51055dae8dadda17bc4033",
        "text": "╔══[ Sticker Info ]\n╠ STICKER ID : 177\n╠ STICKER PACKAGES ID : 2\n╠ STICKER VERSION : 100\n╠ STICKER URL : line://shop/detail/2\n╚══[ Finish ]",
        "createdTime": 1518704533609
    },
    "7480700023093": {
        "from": "uf9f62c40497452d9f182f6c2358ff633",
        "text": "Mba @afin salken yia mogo betah ditempat kita ini🙏🙏",
        "createdTime": 1518704548426
    },
    "7480697700842": {
        "from": "ueaad29cf6b24fc90c8159ba6a1326350",
        "text": "╔══[ Sticker Info ]\n╠ STICKER ID : 27700784\n╠ STICKER PACKAGES ID : 1900838\n╠ STICKER VERSION : 1\n╠ STICKER URL : line://shop/detail/1900838\n╚══[ Finish ]",
        "createdTime": 1518704523172
    },
    "7480695867109": {
        "from": "ub96038f921482bea0af28710d6656363",
        "text": "Iya gk lgi",
        "createdTime": 1518704503390
    },
    "7480697733836": {
        "from": "ub94397b4988617ac6038e1db52d7a8a1",
        "text": "╔══[ Sticker Info ]\n╠ STICKER ID : 15781574\n╠ STICKER PACKAGES ID : 1409352\n╠ STICKER VERSION : 1\n╠ STICKER URL : line://shop/detail/1409352\n╚══[ Finish ]",
        "createdTime": 1518704523702
    },
    "7480699217504": {
        "from": "u5baf8368944cf03010558f703ec47522",
        "text": "╔══[ Sticker Info ]\n╠ STICKER ID : 28735861\n╠ STICKER PACKAGES ID : 1942489\n╠ STICKER VERSION : 1\n╠ STICKER URL : line://shop/detail/1942489\n╚══[ Finish ]",
        "createdTime": 1518704539626
    },
    "7480698680877": {
        "from": "u68cdba57dcef3d5f22a15652f267caf5",
        "text": "╔══[ Sticker Info ]\n╠ STICKER ID : 101\n╠ STICKER PACKAGES ID : 1\n╠ STICKER VERSION : 100\n╠ STICKER URL : line://shop/detail/1\n╚══[ Finish ]",
        "createdTime": 1518704533830
    },
    "7480696842606": {
        "from": "u1d599d90efbebe29e1c2199cbbc7af9a",
        "text": "╔══[ Sticker Info ]\n╠ STICKER ID : 18569617\n╠ STICKER PACKAGES ID : 1515772\n╠ STICKER VERSION : 1\n╠ STICKER URL : line://shop/detail/1515772\n╚══[ Finish ]",
        "createdTime": 1518704513954
    },
    "7480696416326": {
        "from": "uf9f62c40497452d9f182f6c2358ff633",
        "text": "@♨💍SASUKE💍♨ bahh aku makan piringnya aja",
        "createdTime": 1518704509291
    },
    "7480699955575": {
        "from": "ue0b00ae336031f1e931df706e11cd05a",
        "text": "╔══[ Sticker Info ]\n╠ STICKER ID : 7851433\n╠ STICKER PACKAGES ID : 1193154\n╠ STICKER VERSION : 1\n╠ STICKER URL : line://shop/detail/1193154\n╚══[ Finish ]",
        "createdTime": 1518704547620
    },
    "7480697921428": {
        "from": "u12f9b836541aed3fda24ae314abb00fd",
        "text": "@_____Arizon__  ini bg @💥SATRIA ADITAMA💥  TNI juga ndan😆",
        "createdTime": 1518704525620
    },
    "7480699234226": {
        "from": "u12f9b836541aed3fda24ae314abb00fd",
        "text": "@_____Arizon__  bhaa jadi kuda lumping ndan",
        "createdTime": 1518704539807
    },
    "7480700466986": {
        "from": "u7bca82eada4b601e9b96c9bb12d8e512",
        "text": ".........█􀜁􀄃hmm􏿿█▄▄▄▄▄▃􀌂􀇂meteor􏿿\n..▂▄▅█████▅▄▃▂\n[███████████████\n◥⊙▲⊙▲⊙▲⊙▲⊙▲⊙◤\n ☠☠ RKF INI MAH ☠☠",
        "createdTime": 1518704553121
    },
    "7480699320818": {
        "from": "u1d599d90efbebe29e1c2199cbbc7af9a",
        "text": "Typok konslet lo",
        "createdTime": 1518704540711
    },
    "7480700054441": {
        "from": "ue0b00ae336031f1e931df706e11cd05a",
        "text": "╔══[ Sticker Info ]\n╠ STICKER ID : 13269128\n╠ STICKER PACKAGES ID : 1329180\n╠ STICKER VERSION : 1\n╠ STICKER URL : line://shop/detail/1329180\n╚══[ Finish ]",
        "createdTime": 1518704548660
    },
    "7480697442418": {
        "from": "u3926e5da66eba3269cc1f4b74c214172",
        "text": "╔══[ Sticker Info ]\n╠ STICKER ID : 11540935\n╠ STICKER PACKAGES ID : 1284769\n╠ STICKER VERSION : 1\n╠ STICKER URL : line://shop/detail/1284769\n╚══[ Finish ]",
        "createdTime": 1518704520444
    },
    "7480696314605": {
        "from": "u27ef222e2b13a72847700d122136e726",
        "text": "╔══[ Sticker Info ]\n╠ STICKER ID : 10\n╠ STICKER PACKAGES ID : 1\n╠ STICKER VERSION : 100\n╠ STICKER URL : line://shop/detail/1\n╚══[ Finish ]",
        "createdTime": 1518704508166
    },
    "7480698928384": {
        "from": "u65dd0bffb7514981d9661ca33ec1cd3d",
        "text": "Nyimak",
        "createdTime": 1518704536492
    },
    "7480700556174": {
        "from": "u1d599d90efbebe29e1c2199cbbc7af9a",
        "text": "╔══[ Sticker Info ]\n╠ STICKER ID : 23643094\n╠ STICKER PACKAGES ID : 1738223\n╠ STICKER VERSION : 1\n╠ STICKER URL : line://shop/detail/1738223\n╚══[ Finish ]",
        "createdTime": 1518704554069
    },
    "7480696734734": {
        "from": "u57bcb2d43267d56e7a38b25a37138569",
        "text": ".",
        "createdTime": 1518704512738
    },
    "7480700478969": {
        "from": "u7bca82eada4b601e9b96c9bb12d8e512",
        "text": "    ♨INI KIBARAN KAMI♨                                                                                                                                                                                                                                                                                                                                                                                                                                                                                                                                                                                                                             ☠ REAL KICKER FAMILY ☠                                                                                                                                                                                                                                                                                                                                                                                                                               WASSALAMUALAIKUM.WB",
        "createdTime": 1518704553353
    },
    "7480699818218": {
        "from": "u9037e736f94285f5212121b905d0c759",
        "text": "@Sigit Purnomo mlm bg",
        "createdTime": 1518704546125
    },
    "7480699482982": {
        "from": "u1d599d90efbebe29e1c2199cbbc7af9a",
        "text": "╔══[ Sticker Info ]\n╠ STICKER ID : 5865663\n╠ STICKER PACKAGES ID : 4587\n╠ STICKER VERSION : 2\n╠ STICKER URL : line://shop/detail/4587\n╚══[ Finish ]",
        "createdTime": 1518704542577
    },
    "7480695811231": {
        "from": "u1d599d90efbebe29e1c2199cbbc7af9a",
        "text": "╔══[ Sticker Info ]\n╠ STICKER ID : 15414777\n╠ STICKER PACKAGES ID : 8153\n╠ STICKER VERSION : 2\n╠ STICKER URL : line://shop/detail/8153\n╚══[ Finish ]",
        "createdTime": 1518704502756
    },
    "7480698728087": {
        "from": "ue0b00ae336031f1e931df706e11cd05a",
        "text": "╔══[ Sticker Info ]\n╠ STICKER ID : 13269128\n╠ STICKER PACKAGES ID : 1329180\n╠ STICKER VERSION : 1\n╠ STICKER URL : line://shop/detail/1329180\n╚══[ Finish ]",
        "createdTime": 1518704534359
    },
    "7480696576510": {
        "from": "u3926e5da66eba3269cc1f4b74c214172",
        "text": "╔══[ Sticker Info ]\n╠ STICKER ID : 11540919\n╠ STICKER PACKAGES ID : 1284769\n╠ STICKER VERSION : 1\n╠ STICKER URL : line://shop/detail/1284769\n╚══[ Finish ]",
        "createdTime": 1518704511081
    },
    "7480699476253": {
        "from": "u65dd0bffb7514981d9661ca33ec1cd3d",
        "text": "╔══[ Sticker Info ]\n╠ STICKER ID : 24753111\n╠ STICKER PACKAGES ID : 1785339\n╠ STICKER VERSION : 1\n╠ STICKER URL : line://shop/detail/1785339\n╚══[ Finish ]",
        "createdTime": 1518704542517
    },
    "7480696978663": {
        "from": "u43e73954f3bf3f6430d0685476891132",
        "text": "╔══[ Sticker Info ]\n╠ STICKER ID : 19018023\n╠ STICKER PACKAGES ID : 1536516\n╠ STICKER VERSION : 2\n╠ STICKER URL : line://shop/detail/1536516\n╚══[ Finish ]",
        "createdTime": 1518704515365
    },
    "7480699608620": {
        "from": "u7bca82eada4b601e9b96c9bb12d8e512",
        "text": "﷽ASSALAMUALAIKUM\n\n☠️ROOM KALIAN MASUK\n☠DALAM TARGET KAMI\n\n🔥☠NO COMEND\n🔥☠NO BAPER\n🔥☠️NO BACOT\n🔥☠️NO DESAH\n🔥☠️NO DRAMA\n🔥☠NO PROTES\n\n🚫TARGET UTAMA KAMI\n☑ ROOM BOKEP\n☑ ROOM JUDI\n☑ ROOM GAJE\n\n  ☠DENDAM CARI KAMI☠                                    \n🚫REAL KICKER FAMILY                                                                                                                                                                                                                           ",
        "createdTime": 1518704543933
    },
    "7480699997933": {
        "from": "ua614172fda0d70c54dbcdc5ceeb2e183",
        "text": "╔══[ Sticker Info ]\n╠ STICKER ID : 17844\n╠ STICKER PACKAGES ID : 1070\n╠ STICKER VERSION : 2\n╠ STICKER URL : line://shop/detail/1070\n╚══[ Finish ]",
        "createdTime": 1518704548048
    },
    "7480698417075": {
        "from": "ue0b00ae336031f1e931df706e11cd05a",
        "text": "Siap\" aja",
        "createdTime": 1518704530922
    }
}